detector,f3_weighted_mean,f3_weighted_median,f1_weighted_mean,f1_weighted_median,recall_10s_mean,recall_10s_median,precision_10s_mean,precision_10s_median,fp_per_min_mean,fp_per_min_median,edd_median_s_mean,edd_median_s_median,nab_score_standard_mean,nab_score_standard_median
adwin,0.20548051574499188,0.1986165763059849,0.08776654846897759,0.07580283614021466,0.6255202726672544,0.6,0.08187227585193069,0.05484130394068585,4.887577069395251,3.657142857142857,4.389470230862679,4.391999999999939,-23.962147384863897,-15.748311977474375
page_hinkley,0.22309286191800412,0.2030456852791878,0.0837042551060383,0.062353727725435446,0.7925660929379027,0.9090909090909092,0.06608129502660817,0.0391061452513966,10.008969155844156,7.0,3.322414575866171,2.8719999999999573,-33.61444563678035,-23.39617583395657
kswin,0.1790548251536767,0.1790526860546958,0.06705128143196849,0.0515595769897964,0.6534369724102365,0.7971014492753623,0.055400978949515706,0.0329670329670329,7.895121753246753,4.857142857142857,3.563662135582831,3.30399999999986,-32.22729878818732,-20.0
hddm_a,0.2063715411648064,0.19576648352964282,0.07799309026457371,0.06018458522049325,0.7636429049609029,0.8982758620689655,0.06531244485472261,0.0404624277456647,10.179748376623376,6.8,3.92104022988504,3.779999999999944,-34.82443207276469,-21.048791431608294
hddm_w,0.013017705538732702,0.0,0.014941153847275452,0.0,0.01795609016440717,0.0,0.05883657781099211,0.0,0.0602069805194805,0.0,3.567458382180536,2.7,-26.973585228317557,-14.0
floss,0.15256878875669808,0.1300274262954705,0.10321688588320153,0.0869565217391304,0.2783639114782785,0.2352941176470588,0.16406743849198763,0.08302567944962874,1.2759137004970333,0.6285714285714286,4.295762984127565,4.163999999999987,-22.36332860795063,-11.4015654508195
