detector,f3_weighted_mean,f3_weighted_median,f1_weighted_mean,f1_weighted_median,recall_10s_mean,recall_10s_median,precision_10s_mean,precision_10s_median,fp_per_min_mean,fp_per_min_median,edd_median_s_mean,edd_median_s_median,nab_score_standard_mean,nab_score_standard_median
adwin,0.2037468835249146,0.19709661256901118,0.08531011014369642,0.07452220916568796,0.6255202726672544,0.6,0.08187227585193069,0.05484130394068585,4.887577069395251,3.657142857142857,4.389470230862679,4.391999999999939,-23.962147384863897,-15.748311977474375
page_hinkley,0.2216050378362708,0.2013964103310651,0.08174535602617523,0.061719489981785,0.7925660929379027,0.9090909090909092,0.06608129502660817,0.0391061452513966,10.008969155844156,7.0,3.322414575866171,2.8719999999999573,-33.61444563678035,-23.39617583395657
kswin,0.17774262081355258,0.17787221258144353,0.06537886865975963,0.0511646273637375,0.6534369724102365,0.7971014492753623,0.055400978949515706,0.0329670329670329,7.895121753246753,4.857142857142857,3.563662135582831,3.30399999999986,-32.22729878818732,-20.0
hddm_a,0.20485996286021332,0.1951594008066074,0.07606080273758947,0.05957885495651585,0.7636429049609029,0.8982758620689655,0.06531244485472261,0.0404624277456647,10.179748376623376,6.8,3.92104022988504,3.779999999999944,-34.82443207276469,-21.048791431608294
hddm_w,0.012991986997957854,0.0,0.014812754365752346,0.0,0.01795609016440717,0.0,0.05883657781099211,0.0,0.0602069805194805,0.0,3.567458382180536,2.7,-26.973585228317557,-14.0
floss,0.06230575334825699,0.033295438110623896,0.038507019696545734,0.0188888888888891,0.14837726034122667,0.0714285714285714,0.06375573196258398,0.024390243902439,1.3609742764951098,0.7428571428571429,4.917639087734913,5.016000000000076,-26.63262393375857,-15.723428983412015
