detector,f3_weighted_mean,f3_weighted_median,f1_weighted_mean,f1_weighted_median,recall_10s_mean,recall_10s_median,precision_10s_mean,precision_10s_median,fp_per_min_mean,fp_per_min_median,edd_median_s_mean,edd_median_s_median,nab_score_standard_mean,nab_score_standard_median
adwin,0.29297721162210333,0.2702702702702703,0.13900408166099895,0.1025641025641025,0.720626979249001,0.8333333333333334,0.12575210994013986,0.0777777777777777,6.716127646227309,4.412915131618536,4.070921092174615,3.82,-6.806566803625817,-2.99
page_hinkley,0.17138639652046628,0.1086472287890728,0.09436973193962447,0.0468571428571429,0.38211687172366593,0.3333333333333333,0.10524954940056006,0.0384615384615384,3.290118242931452,1.9543549542898089,4.244537560533411,4.109999999999985,-6.664611883710728,-3.1928061622232486
kswin,0.25105592380439495,0.2323265915569429,0.11106410268187274,0.07297259759759744,0.6630561661810206,1.0,0.0940871392340266,0.0512820512820512,7.393365477797484,4.728204502470868,3.752789035030602,3.3139999999999974,-9.523547653356902,-3.21
hddm_a,0.2011652918912358,0.1803287981859409,0.11104253974946712,0.0784313725490196,0.45964305629323365,0.5,0.12362844622260441,0.0657894736842105,3.8477661852664498,2.5500910840821183,4.300370049819997,4.191999999999993,-6.71385262012078,-3.1366477932033003
hddm_w,0.18448403838586033,0.14139086242034846,0.10577872783999859,0.0588235294117647,0.3991235442927884,0.3333333333333333,0.1162662144791065,0.05,2.9314711986617525,1.947546091924176,4.373172910415774,4.309999999999998,-5.833921415977639,-2.877346011081701
floss,0.204376928464125,0.1505263157894744,0.1598306982763954,0.0909090909090909,0.3237540279140987,0.25,0.2256249106595644,0.0769230769230769,1.0840401539201838,0.5272963757162443,4.341061274733922,4.247999999999987,-4.318886857818029,-2.224937344143597
